<?xml version='1.0' encoding='UTF-8'?>
<system creation-date="2017-12-12 17:18:22.391000" desc="" enable="False" id="4E35C234-2E3A-4416-84FF-5BD1013D0601" last-modified-date="" name="IRB_120_3kg_0.58m"><applications><application name="RobotWare" version="6.05.2005"><settings><system-xml path="U:\Desktop\Robots and Manipulators\Aex Class\Assignment\Practice\Systems\IRB_120_3kg_0.58m\system.xml" /><key-id path="U:\Desktop\Robots and Manipulators\Aex Class\Assignment\Practice\Systems\IRB_120_3kg_0.58m\INTERNAL\key.id" /><setting-file path="U:\Desktop\Robots and Manipulators\Aex Class\Assignment\Practice\Systems\IRB_120_3kg_0.58m\INTERNAL\controller.rsf" /></settings></application></applications></system>